"number","title","type","city","author","closedAtUtc","closedAtLocal","week","stateReason","statusLabels","outcomeKey","outcome","url"
"3495","Resources: Update work of nanjing","Update","nanjing","Aleee814","2026/5/2 3:11:03","2026-05-02 03:11:03","2026-04-27","COMPLETED","resources;ready for merge","accepted","通过/已合入","https://github.com/railmapgen/rmp-gallery/issues/3495"
"3499","Resources: New work of dubai","New","dubai","Mythhaven","2026/5/2 3:50:59","2026-05-02 03:50:59","2026-04-27","NOT_PLANNED","need fixing;resources","need_fixing","需要修正","https://github.com/railmapgen/rmp-gallery/issues/3499"
"3480","Resources: New work of dubai","New","dubai","ritti7891","2026/5/2 3:51:25","2026-05-02 03:51:25","2026-04-27","NOT_PLANNED","need fixing;resources","need_fixing","需要修正","https://github.com/railmapgen/rmp-gallery/issues/3480"
"3492","Resources: New work of dubai","New","dubai","Mythhaven","2026/5/2 3:52:00","2026-05-02 03:52:00","2026-04-27","NOT_PLANNED","resources;better version exists","better_version","已有更优版本","https://github.com/railmapgen/rmp-gallery/issues/3492"
"2509","Resources: Update work of chongqing","Update","chongqing","LYXOfficial","2026/5/20 13:18:13","2026-05-20 13:18:13","2026-05-18","NOT_PLANNED","need fixing;resources","need_fixing","需要修正","https://github.com/railmapgen/rmp-gallery/issues/2509"
"2855","Resources: Update work of chongqing","Update","chongqing","a701651","2026/5/20 13:29:09","2026-05-20 13:29:09","2026-05-18","COMPLETED","resources;ready for merge","accepted","通过/已合入","https://github.com/railmapgen/rmp-gallery/issues/2855"
"2871","Resources: Update work of chongqing","Update","chongqing","Zongyu1007","2026/5/22 12:16:20","2026-05-22 12:16:20","2026-05-18","COMPLETED","resources;ready for merge","accepted","通过/已合入","https://github.com/railmapgen/rmp-gallery/issues/2871"
"2971","Resources: Update work of chongqing","Update","chongqing","hzljasper","2026/5/22 12:28:15","2026-05-22 12:28:15","2026-05-18","NOT_PLANNED","invalid content;resources","invalid_content","内容无效","https://github.com/railmapgen/rmp-gallery/issues/2971"
"3538","Resources: New work of zhenjiang","New","zhenjiang","Fancyking870","2026/5/22 12:32:55","2026-05-22 12:32:55","2026-05-18","NOT_PLANNED","need fixing;resources","need_fixing","需要修正","https://github.com/railmapgen/rmp-gallery/issues/3538"
"3536","Resources: Update work of hangzhou","Update","hangzhou","QSY8515","2026/5/22 12:43:49","2026-05-22 12:43:49","2026-05-18","NOT_PLANNED","need fixing;resources","need_fixing","需要修正","https://github.com/railmapgen/rmp-gallery/issues/3536"
"3518","Resources: Update work of hangzhou","Update","hangzhou","zzzairport","2026/5/22 12:46:06","2026-05-22 12:46:06","2026-05-18","NOT_PLANNED","need fixing;resources","need_fixing","需要修正","https://github.com/railmapgen/rmp-gallery/issues/3518"
"3446","Resources: Update work of wuhan","Update","wuhan","ykn2013","2026/5/22 12:59:22","2026-05-22 12:59:22","2026-05-18","COMPLETED","resources;ready for merge","accepted","通过/已合入","https://github.com/railmapgen/rmp-gallery/issues/3446"
"3540","Resources: Update work of chongqing","Update","chongqing","michaelye2020-debug","2026/5/22 13:02:33","2026-05-22 13:02:33","2026-05-18","NOT_PLANNED","need fixing;resources","need_fixing","需要修正","https://github.com/railmapgen/rmp-gallery/issues/3540"
"3502","Resources: Update work of wuhan","Update","wuhan","zcqnine","2026/5/22 14:08:30","2026-05-22 14:08:30","2026-05-18","NOT_PLANNED","need fixing;resources","need_fixing","需要修正","https://github.com/railmapgen/rmp-gallery/issues/3502"
"3525","Resources: Update work of taipei","Update","taipei","ritti7891","2026/5/23 6:22:26","2026-05-23 06:22:26","2026-05-18","COMPLETED","resources;ready for merge","accepted","通过/已合入","https://github.com/railmapgen/rmp-gallery/issues/3525"
"3547","Resources: New work of delhi","New","delhi","Mythhaven","2026/5/23 6:23:05","2026-05-23 06:23:05","2026-05-18","NOT_PLANNED","need fixing;resources","need_fixing","需要修正","https://github.com/railmapgen/rmp-gallery/issues/3547"
"3515","Resources: New work of Chicago","New","Chicago","dingusdono","2026/5/23 6:33:52","2026-05-23 06:33:52","2026-05-18","NOT_PLANNED","need fixing;resources","need_fixing","需要修正","https://github.com/railmapgen/rmp-gallery/issues/3515"
"3512","Resources: New work of dubai","New","dubai","ritti7891","2026/5/23 6:38:38","2026-05-23 06:38:38","2026-05-18","NOT_PLANNED","need fixing;resources","need_fixing","需要修正","https://github.com/railmapgen/rmp-gallery/issues/3512"
"3484","Resources: New work of vienna","New","vienna","dingusdono","2026/5/23 6:52:14","2026-05-23 06:52:14","2026-05-18","NOT_PLANNED","need fixing;resources","need_fixing","需要修正","https://github.com/railmapgen/rmp-gallery/issues/3484"
"3501","Resources: Update work of guiyang","Update","guiyang","CRH2A-2369","2026/5/23 8:18:42","2026-05-23 08:18:42","2026-05-18","NOT_PLANNED","need fixing","need_fixing","需要修正","https://github.com/railmapgen/rmp-gallery/issues/3501"
"3477","Resources: Update work of kaohsiung","Update","kaohsiung","ritti7891","2026/5/23 13:23:58","2026-05-23 13:23:58","2026-05-18","NOT_PLANNED","need fixing;resources","need_fixing","需要修正","https://github.com/railmapgen/rmp-gallery/issues/3477"
"3472","Resources: Update work of singapore","Update","singapore","aurehark","2026/5/23 13:37:06","2026-05-23 13:37:06","2026-05-18","NOT_PLANNED","resources;invalid format","invalid_format","格式无效","https://github.com/railmapgen/rmp-gallery/issues/3472"
"3465","Resources: New work of madrid","New","madrid","Mythhaven","2026/5/23 13:46:24","2026-05-23 13:46:24","2026-05-18","NOT_PLANNED","resources;better version exists","better_version","已有更优版本","https://github.com/railmapgen/rmp-gallery/issues/3465"
"3467","Resources: New work of madrid","New","madrid","Mythhaven","2026/5/23 13:47:54","2026-05-23 13:47:54","2026-05-18","NOT_PLANNED","need fixing;resources","need_fixing","需要修正","https://github.com/railmapgen/rmp-gallery/issues/3467"
"3445","Resources: New work of Mexico City","New","Mexico City","dingusdono","2026/5/23 14:06:57","2026-05-23 14:06:57","2026-05-18","COMPLETED","resources;ready for merge","accepted","通过/已合入","https://github.com/railmapgen/rmp-gallery/issues/3445"
"3454","Resources: New work of Barcelona","New","Barcelona","dingusdono","2026/5/24 6:07:46","2026-05-24 06:07:46","2026-05-18","NOT_PLANNED","need fixing;resources","need_fixing","需要修正","https://github.com/railmapgen/rmp-gallery/issues/3454"
"3435","Resources: Update work of fuzhou","Update","fuzhou","Jijinarvlulingmamibeibeihong9178","2026/5/24 6:31:00","2026-05-24 06:31:00","2026-05-18","COMPLETED","resources;ready for merge","accepted","通过/已合入","https://github.com/railmapgen/rmp-gallery/issues/3435"
"3433","Resources: Update work of pyongyang","Update","pyongyang","Iron-carrot","2026/5/24 6:38:31","2026-05-24 06:38:31","2026-05-18","COMPLETED","resources;ready for merge","accepted","通过/已合入","https://github.com/railmapgen/rmp-gallery/issues/3433"
"3268","Resources: Update work of xian","Update","xian","SHENJIE15","2026/5/24 6:53:54","2026-05-24 06:53:54","2026-05-18","NOT_PLANNED","resources;better version exists","better_version","已有更优版本","https://github.com/railmapgen/rmp-gallery/issues/3268"
"3421","Resources: Update work of hohhot","Update","hohhot","Iron-carrot","2026/5/24 6:54:24","2026-05-24 06:54:24","2026-05-18","COMPLETED","resources;ready for merge","accepted","通过/已合入","https://github.com/railmapgen/rmp-gallery/issues/3421"
"3373","Resources: Update work of xian","Update","xian","UnnamedKiana","2026/5/24 6:54:34","2026-05-24 06:54:34","2026-05-18","COMPLETED","resources;ready for merge","accepted","通过/已合入","https://github.com/railmapgen/rmp-gallery/issues/3373"
"3437","Resources: Update work of xian","Update","xian","SHENJIE15","2026/5/24 7:11:50","2026-05-24 07:11:50","2026-05-18","NOT_PLANNED","need fixing;resources","need_fixing","需要修正","https://github.com/railmapgen/rmp-gallery/issues/3437"
"3403","Resources: New work of lisbon","New","lisbon","kty4hphf8v-ui","2026/5/24 7:24:13","2026-05-24 07:24:13","2026-05-18","NOT_PLANNED","need fixing;resources","need_fixing","需要修正","https://github.com/railmapgen/rmp-gallery/issues/3403"
"3455","Resources: New work of lisbon","New","lisbon","Mythhaven","2026/5/24 7:29:41","2026-05-24 07:29:41","2026-05-18","NOT_PLANNED","need fixing;resources","need_fixing","需要修正","https://github.com/railmapgen/rmp-gallery/issues/3455"
"3332","Resources: Update work of jinan","Update","jinan","Tuzhu196","2026/5/24 7:50:57","2026-05-24 07:50:57","2026-05-18","NOT_PLANNED","resources;invalid format","invalid_format","格式无效","https://github.com/railmapgen/rmp-gallery/issues/3332"
"3334","Resources: Update work of jinan","Update","jinan","Minwtraft","2026/5/24 7:59:06","2026-05-24 07:59:06","2026-05-18","COMPLETED","resources;ready for merge","accepted","通过/已合入","https://github.com/railmapgen/rmp-gallery/issues/3334"
"3340","Resources: Update work of jinan","Update","jinan","tsingpty","2026/5/24 8:06:06","2026-05-24 08:06:06","2026-05-18","NOT_PLANNED","resources;better version exists","better_version","已有更优版本","https://github.com/railmapgen/rmp-gallery/issues/3340"
"3353","Resources: Update work of jinan","Update","jinan","SunMinded","2026/5/24 8:10:48","2026-05-24 08:10:48","2026-05-18","NOT_PLANNED","resources;better version exists","better_version","已有更优版本","https://github.com/railmapgen/rmp-gallery/issues/3353"
"3380","Resources: Update work of jinan","Update","jinan","SunMinded","2026/5/24 8:12:20","2026-05-24 08:12:20","2026-05-18","NOT_PLANNED","resources;better version exists","better_version","已有更优版本","https://github.com/railmapgen/rmp-gallery/issues/3380"
"3383","Resources: Update work of jinan","Update","jinan","cq-complex","2026/5/24 8:13:54","2026-05-24 08:13:54","2026-05-18","NOT_PLANNED","resources;better version exists","better_version","已有更优版本","https://github.com/railmapgen/rmp-gallery/issues/3383"
"3399","Resources: Update work of jinan","Update","jinan","victoriadean7167-hash","2026/5/24 8:15:22","2026-05-24 08:15:22","2026-05-18","NOT_PLANNED","resources;better version exists","better_version","已有更优版本","https://github.com/railmapgen/rmp-gallery/issues/3399"
"3041","Resources: Update work of changchun","Update","changchun","Aleee814","2026/5/24 12:58:07","2026-05-24 12:58:07","2026-05-18","COMPLETED","resources;ready for merge","accepted","通过/已合入","https://github.com/railmapgen/rmp-gallery/issues/3041"
"2784","Resources: Update work of sydney","Update","sydney","thisaname1110","2026/5/24 13:43:35","2026-05-24 13:43:35","2026-05-18","NOT_PLANNED","need fixing;resources","need_fixing","需要修正","https://github.com/railmapgen/rmp-gallery/issues/2784"
"3360","Resources: Update work of sydney","Update","sydney","Lewis-Gong","2026/5/24 13:45:07","2026-05-24 13:45:07","2026-05-18","NOT_PLANNED","resources;better version exists","better_version","已有更优版本","https://github.com/railmapgen/rmp-gallery/issues/3360"
"3371","Resources: Update work of sydney (ferry service)","Update","sydney (ferry service)","Lewis-Gong","2026/5/24 13:51:02","2026-05-24 13:51:02","2026-05-18","NOT_PLANNED","need fixing;resources","need_fixing","需要修正","https://github.com/railmapgen/rmp-gallery/issues/3371"
"3205","Resources: New work of adelaide","New","adelaide","thisaname1110","2026/5/24 13:58:37","2026-05-24 13:58:37","2026-05-18","COMPLETED","need fixing;resources","need_fixing","需要修正","https://github.com/railmapgen/rmp-gallery/issues/3205"
"3259","Resources: Update work of tianjin","Update","tianjin","Bolichara0","2026/5/24 14:16:34","2026-05-24 14:16:34","2026-05-18","COMPLETED","need fixing;resources","need_fixing","需要修正","https://github.com/railmapgen/rmp-gallery/issues/3259"
"3375","Resources: New work of Bangkok","New","Bangkok","dingusdono","2026/5/26 12:05:09","2026-05-26 12:05:09","2026-05-25","NOT_PLANNED","need fixing;resources","need_fixing","需要修正","https://github.com/railmapgen/rmp-gallery/issues/3375"
"3315","Resources: Update work of changchun","Update","changchun","wxcwc12306","2026/5/26 12:14:47","2026-05-26 12:14:47","2026-05-25","COMPLETED","resources;ready for merge","accepted","通过/已合入","https://github.com/railmapgen/rmp-gallery/issues/3315"
"3369","Resources: Update work of dongguan","Update","dongguan","llexaiu","2026/5/26 12:26:25","2026-05-26 12:26:25","2026-05-25","NOT_PLANNED","need fixing;resources","need_fixing","需要修正","https://github.com/railmapgen/rmp-gallery/issues/3369"
"2840","Resources: Update work of wuhu","Update","wuhu","Cerdal0719","2026/5/28 11:49:11","2026-05-28 11:49:11","2026-05-25","COMPLETED","resources;ready for merge","accepted","通过/已合入","https://github.com/railmapgen/rmp-gallery/issues/2840"
"3583","Resources: Update work of kaohsiung","Update","kaohsiung","ritti7891","2026/5/29 12:40:13","2026-05-29 12:40:13","2026-05-25","NOT_PLANNED","need fixing;resources","need_fixing","需要修正","https://github.com/railmapgen/rmp-gallery/issues/3583"
"3579","Resources: Update work of dongguan","Update","dongguan","llexaiu","2026/5/29 13:04:35","2026-05-29 13:04:35","2026-05-25","COMPLETED","resources;ready for merge","accepted","通过/已合入","https://github.com/railmapgen/rmp-gallery/issues/3579"
"3561","Resources: Update work of hangzhou","Update","hangzhou","danshi-ziyou","2026/5/29 13:16:16","2026-05-29 13:16:16","2026-05-25","NOT_PLANNED","need fixing;resources","need_fixing","需要修正","https://github.com/railmapgen/rmp-gallery/issues/3561"
"3407","Resources: New work of bucharest","New","bucharest","Sebi-playsRO","2026/5/29 13:27:08","2026-05-29 13:27:08","2026-05-25","NOT_PLANNED","need fixing;resources","need_fixing","需要修正","https://github.com/railmapgen/rmp-gallery/issues/3407"
"2994","Resources: New work of daejeon","New","daejeon","GoForLiftoff","2026/5/29 13:35:17","2026-05-29 13:35:17","2026-05-25","NOT_PLANNED","need fixing;resources","need_fixing","需要修正","https://github.com/railmapgen/rmp-gallery/issues/2994"
"2876","Resources: New work of huaian","New","huaian","GoForLiftoff","2026/5/29 14:02:53","2026-05-29 14:02:53","2026-05-25","COMPLETED","resources;ready for merge","accepted","通过/已合入","https://github.com/railmapgen/rmp-gallery/issues/2876"
"3274","Resources: Update work of mlaga","Update","mlaga","289toRefractory","2026/5/29 14:10:58","2026-05-29 14:10:58","2026-05-25","COMPLETED","resources;ready for merge","accepted","通过/已合入","https://github.com/railmapgen/rmp-gallery/issues/3274"
"2278","Resources: New work of hochiminhcity","New","hochiminhcity","KINGAXE-G","2026/5/29 14:11:23","2026-05-29 14:11:23","2026-05-25","NOT_PLANNED","need fixing;resources","need_fixing","需要修正","https://github.com/railmapgen/rmp-gallery/issues/2278"
"1826","Resources: New work of San Francisco","New","San Francisco","harryji99","2026/5/29 14:16:47","2026-05-29 14:16:47","2026-05-25","NOT_PLANNED","need fixing;resources","need_fixing","需要修正","https://github.com/railmapgen/rmp-gallery/issues/1826"
"3589","Resources: Update work of kaohsiung","Update","kaohsiung","ritti7891","2026/5/30 13:54:43","2026-05-30 13:54:43","2026-05-25","NOT_PLANNED","need fixing;resources","need_fixing","需要修正","https://github.com/railmapgen/rmp-gallery/issues/3589"
"3585","Resources: Update work of hangzhou","Update","hangzhou","danshi-ziyou","2026/5/30 14:13:13","2026-05-30 14:13:13","2026-05-25","NOT_PLANNED","resources;better version exists","better_version","已有更优版本","https://github.com/railmapgen/rmp-gallery/issues/3585"
"3593","Resources: Update work of hangzhou","Update","hangzhou","danshi-ziyou","2026/5/30 14:14:17","2026-05-30 14:14:17","2026-05-25","NOT_PLANNED","need fixing;resources","need_fixing","需要修正","https://github.com/railmapgen/rmp-gallery/issues/3593"
"3587","Resources: Update work of suzhou","Update","suzhou","chuanxiedouteng","2026/5/30 14:25:28","2026-05-30 14:25:28","2026-05-25","NOT_PLANNED","need fixing;resources","need_fixing","需要修正","https://github.com/railmapgen/rmp-gallery/issues/3587"
"3595","Resources: Update work of suzhou","Update","suzhou","chuanxiedouteng","2026/5/31 6:43:14","2026-05-31 06:43:14","2026-05-25","NOT_PLANNED","need fixing;resources","need_fixing","需要修正","https://github.com/railmapgen/rmp-gallery/issues/3595"
"3597","Resources: Update work of kaohsiung","Update","kaohsiung","ritti7891","2026/5/31 6:52:55","2026-05-31 06:52:55","2026-05-25","NOT_PLANNED","need fixing;resources","need_fixing","需要修正","https://github.com/railmapgen/rmp-gallery/issues/3597"
"2817","Resources: Update work of paris","Update","paris","Rainyang2022","2026/5/31 7:09:28","2026-05-31 07:09:28","2026-05-25","NOT_PLANNED","need fixing;resources","need_fixing","需要修正","https://github.com/railmapgen/rmp-gallery/issues/2817"
"3581","Resources: Update work of paris","Update","paris","Mythhaven","2026/5/31 7:17:21","2026-05-31 07:17:21","2026-05-25","NOT_PLANNED","need fixing;resources","need_fixing","需要修正","https://github.com/railmapgen/rmp-gallery/issues/3581"
"3577","Resources: New work of delhi","New","delhi","Mythhaven","2026/5/31 7:33:27","2026-05-31 07:33:27","2026-05-25","NOT_PLANNED","need fixing;resources","need_fixing","需要修正","https://github.com/railmapgen/rmp-gallery/issues/3577"
"3552","Resources: Update work of chongqing","Update","chongqing","michaelye2020-debug","2026/5/31 7:53:18","2026-05-31 07:53:18","2026-05-25","NOT_PLANNED","resources;better version exists","better_version","已有更优版本","https://github.com/railmapgen/rmp-gallery/issues/3552"
"3553","Resources: Update work of chongqing","Update","chongqing","michaelye2020-debug","2026/5/31 7:54:10","2026-05-31 07:54:10","2026-05-25","NOT_PLANNED","need fixing;resources","need_fixing","需要修正","https://github.com/railmapgen/rmp-gallery/issues/3553"
"2838","Resources: Update work of shenzhen","Update","shenzhen","past28509halfpic","2026/5/31 11:23:38","2026-05-31 11:23:38","2026-05-25","NOT_PLANNED","need fixing;resources","need_fixing","需要修正","https://github.com/railmapgen/rmp-gallery/issues/2838"
"3050","Resources: Update work of shenzhen","Update","shenzhen","llexaiu","2026/5/31 11:54:19","2026-05-31 11:54:19","2026-05-25","COMPLETED","resources","accepted","通过/已合入","https://github.com/railmapgen/rmp-gallery/issues/3050"
"3591","Resources: Update work of shenzhen","Update","shenzhen","ritti7891","2026/5/31 12:12:37","2026-05-31 12:12:37","2026-05-25","NOT_PLANNED","need fixing;resources","need_fixing","需要修正","https://github.com/railmapgen/rmp-gallery/issues/3591"
"3599","Resources: Update work of hangzhou","Update","hangzhou","QSY8515","2026/5/31 12:21:44","2026-05-31 12:21:44","2026-05-25","NOT_PLANNED","need fixing;resources","need_fixing","需要修正","https://github.com/railmapgen/rmp-gallery/issues/3599"
"3266","Resources: New work of shaoxing","New","shaoxing","Aleee814","2026/5/31 12:30:43","2026-05-31 12:30:43","2026-05-25","NOT_PLANNED","need fixing;resources","need_fixing","需要修正","https://github.com/railmapgen/rmp-gallery/issues/3266"
"3174","Resources: Update work of lyon","Update","lyon","hhh6689","2026/5/31 12:47:11","2026-05-31 12:47:11","2026-05-25","NOT_PLANNED","need fixing;resources","need_fixing","需要修正","https://github.com/railmapgen/rmp-gallery/issues/3174"
"3280","Resources: New work of New York City","New","New York City","dingusdono","2026/5/31 13:01:28","2026-05-31 13:01:28","2026-05-25","COMPLETED","resources;ready for merge","accepted","通过/已合入","https://github.com/railmapgen/rmp-gallery/issues/3280"
"3304","Resources: Update work of jinhuayiwuanddongyang","Update","jinhuayiwuanddongyang","XeYN-alt","2026/6/1 11:30:11","2026-06-01 11:30:11","2026-06-01","NOT_PLANNED","duplicate;resources","duplicate","重复提交","https://github.com/railmapgen/rmp-gallery/issues/3304"
"3306","Resources: Update work of jinhuayiwuanddongyang","Update","jinhuayiwuanddongyang","XeYN-alt","2026/6/1 12:03:45","2026-06-01 12:03:45","2026-06-01","COMPLETED","resources;ready for merge","accepted","通过/已合入","https://github.com/railmapgen/rmp-gallery/issues/3306"
"3520","Resources: Update work of jinhuayiwuanddongyang","Update","jinhuayiwuanddongyang","ritti7891","2026/6/1 12:15:14","2026-06-01 12:15:14","2026-06-01","NOT_PLANNED","need fixing;resources","need_fixing","需要修正","https://github.com/railmapgen/rmp-gallery/issues/3520"
"3557","Resources: Update work of jinhuayiwuanddongyang","Update","jinhuayiwuanddongyang","michaelye2020-debug","2026/6/1 12:22:41","2026-06-01 12:22:41","2026-06-01","COMPLETED","resources;ready for merge","accepted","通过/已合入","https://github.com/railmapgen/rmp-gallery/issues/3557"
"3473","Resources: New work of algiers","New","algiers","Mythhaven","2026/6/2 12:43:30","2026-06-02 12:43:30","2026-06-01","NOT_PLANNED","invalid content;resources","invalid_content","内容无效","https://github.com/railmapgen/rmp-gallery/issues/3473"
"3605","Resources: Update work of kaohsiung","Update","kaohsiung","ritti7891","2026/6/2 12:53:00","2026-06-02 12:53:00","2026-06-01","COMPLETED","resources;ready for merge","accepted","通过/已合入","https://github.com/railmapgen/rmp-gallery/issues/3605"
"3607","Resources: Update work of suzhou","Update","suzhou","chuanxiedouteng","2026/6/2 13:10:52","2026-06-02 13:10:52","2026-06-01","COMPLETED","resources;ready for merge","accepted","通过/已合入","https://github.com/railmapgen/rmp-gallery/issues/3607"
"3611","Resources: Update work of shenzhen","Update","shenzhen","ritti7891","2026/6/5 12:04:26","2026-06-05 12:04:26","2026-06-01","COMPLETED","resources;ready for merge","accepted","通过/已合入","https://github.com/railmapgen/rmp-gallery/issues/3611"
"3613","Resources: New work of dubai","New","dubai","ritti7891","2026/6/5 13:22:18","2026-06-05 13:22:18","2026-06-01","NOT_PLANNED","invalid content;resources","invalid_content","内容无效","https://github.com/railmapgen/rmp-gallery/issues/3613"
"3609","Resources: Update work of hangzhou","Update","hangzhou","QSY8515","2026/6/5 13:57:01","2026-06-05 13:57:01","2026-06-01","NOT_PLANNED","need fixing;resources","need_fixing","需要修正","https://github.com/railmapgen/rmp-gallery/issues/3609"
"3438","Resources: Update work of guangzhou","Update","guangzhou","Jijinarvlulingmamibeibeihong9178","2026/6/6 11:03:08","2026-06-06 11:03:08","2026-06-01","NOT_PLANNED","need fixing;resources","need_fixing","需要修正","https://github.com/railmapgen/rmp-gallery/issues/3438"
"3471","Resources: Update work of guangzhou","Update","guangzhou","Mythhaven","2026/6/6 11:11:09","2026-06-06 11:11:09","2026-06-01","COMPLETED","ready for merge","accepted","通过/已合入","https://github.com/railmapgen/rmp-gallery/issues/3471"
"3522","Resources: Update work of guangzhou","Update","guangzhou","winfredlhy-hue","2026/6/6 11:19:49","2026-06-06 11:19:49","2026-06-01","COMPLETED","resources;ready for merge","accepted","通过/已合入","https://github.com/railmapgen/rmp-gallery/issues/3522"
"3534","Resources: Update work of guangzhou","Update","guangzhou","michaelye2020-debug","2026/6/6 11:32:44","2026-06-06 11:32:44","2026-06-01","COMPLETED","resources;ready for merge","accepted","通过/已合入","https://github.com/railmapgen/rmp-gallery/issues/3534"
"3506","Resources: New work of metroningmalines2","New","metroningmalines2","114514-644","2026/6/6 12:03:42","2026-06-06 12:03:42","2026-06-01","NOT_PLANNED","invalid content;resources","invalid_content","内容无效","https://github.com/railmapgen/rmp-gallery/issues/3506"
"3172","Resources: Update work of guangdongintercity","Update","guangdongintercity","CommandBlocktt","2026/6/6 12:22:07","2026-06-06 12:22:07","2026-06-01","NOT_PLANNED","duplicate;resources","duplicate","重复提交","https://github.com/railmapgen/rmp-gallery/issues/3172"
"3451","Resources: Update work of guangdongintercity","Update","guangdongintercity","beacher-shit","2026/6/6 12:22:11","2026-06-06 12:22:11","2026-06-01","NOT_PLANNED","duplicate","duplicate","重复提交","https://github.com/railmapgen/rmp-gallery/issues/3451"
"3462","Resources: Update work of guangdongintercity","Update","guangdongintercity","beacher-shit","2026/6/6 12:22:16","2026-06-06 12:22:16","2026-06-01","NOT_PLANNED","duplicate","duplicate","重复提交","https://github.com/railmapgen/rmp-gallery/issues/3462"
"3469","Resources: Update work of guangdongintercity","Update","guangdongintercity","beacher-shit","2026/6/6 12:22:21","2026-06-06 12:22:21","2026-06-01","NOT_PLANNED","duplicate","duplicate","重复提交","https://github.com/railmapgen/rmp-gallery/issues/3469"
"3330","Resources: Update work of guangdongintercity","Update","guangdongintercity","GoForLiftoff","2026/6/6 12:22:29","2026-06-06 12:22:29","2026-06-01","COMPLETED","resources;ready for merge","accepted","通过/已合入","https://github.com/railmapgen/rmp-gallery/issues/3330"
"3364","Resources: Update work of guangdongintercity","Update","guangdongintercity","CommandBlocktt","2026/6/6 12:22:39","2026-06-06 12:22:39","2026-06-01","NOT_PLANNED","resources;better version exists","better_version","已有更优版本","https://github.com/railmapgen/rmp-gallery/issues/3364"
"3470","Resources: Update work of guangdongintercity","Update","guangdongintercity","beacher-shit","2026/6/6 12:22:44","2026-06-06 12:22:44","2026-06-01","NOT_PLANNED","better version exists","better_version","已有更优版本","https://github.com/railmapgen/rmp-gallery/issues/3470"
"3625","Resources: Update work of paris","Update","paris","Mythhaven","2026/6/7 11:55:03","2026-06-07 11:55:03","2026-06-01","NOT_PLANNED","need fixing;resources","need_fixing","需要修正","https://github.com/railmapgen/rmp-gallery/issues/3625"
