"number","title","type","city","author","closedAtUtc","closedAtLocal","week","merged","outcome","url"
"3496","Resources: Update work of nanjing","Update","nanjing","rmt-svc","2026/5/2 3:11:02","2026-05-02 03:11:02","2026-04-27","True","已合入","https://github.com/railmapgen/rmp-gallery/pull/3496"
"3500","Resources: New work of dubai","New","dubai","rmt-svc","2026/5/2 3:51:06","2026-05-02 03:51:06","2026-04-27","False","关闭/未合入","https://github.com/railmapgen/rmp-gallery/pull/3500"
"3481","Resources: New work of dubai","New","dubai","rmt-svc","2026/5/2 3:51:31","2026-05-02 03:51:31","2026-04-27","False","关闭/未合入","https://github.com/railmapgen/rmp-gallery/pull/3481"
"3493","Resources: New work of dubai","New","dubai","rmt-svc","2026/5/2 3:52:04","2026-05-02 03:52:04","2026-04-27","False","关闭/未合入","https://github.com/railmapgen/rmp-gallery/pull/3493"
"2510","Resources: Update work of chongqing","Update","chongqing","rmt-svc","2026/5/20 13:25:58","2026-05-20 13:25:58","2026-05-18","False","关闭/未合入","https://github.com/railmapgen/rmp-gallery/pull/2510"
"2856","Resources: Update work of chongqing","Update","chongqing","rmt-svc","2026/5/20 13:29:08","2026-05-20 13:29:08","2026-05-18","True","已合入","https://github.com/railmapgen/rmp-gallery/pull/2856"
"2872","Resources: Update work of chongqing","Update","chongqing","rmt-svc","2026/5/20 13:38:53","2026-05-20 13:38:53","2026-05-18","False","关闭/未合入","https://github.com/railmapgen/rmp-gallery/pull/2872"
"3542","Resources: Update work of chongqing","Update","chongqing","rmt-svc","2026/5/22 12:16:18","2026-05-22 12:16:18","2026-05-18","True","已合入","https://github.com/railmapgen/rmp-gallery/pull/3542"
"3541","Resources: Update work of chongqing","Update","chongqing","rmt-svc","2026/5/22 12:29:18","2026-05-22 12:29:18","2026-05-18","False","关闭/未合入","https://github.com/railmapgen/rmp-gallery/pull/3541"
"3539","Resources: New work of zhenjiang","New","zhenjiang","rmt-svc","2026/5/22 12:31:20","2026-05-22 12:31:20","2026-05-18","False","关闭/未合入","https://github.com/railmapgen/rmp-gallery/pull/3539"
"3519","Resources: Update work of hangzhou","Update","hangzhou","rmt-svc","2026/5/22 12:42:31","2026-05-22 12:42:31","2026-05-18","False","关闭/未合入","https://github.com/railmapgen/rmp-gallery/pull/3519"
"3537","Resources: Update work of hangzhou","Update","hangzhou","rmt-svc","2026/5/22 12:43:18","2026-05-22 12:43:18","2026-05-18","False","关闭/未合入","https://github.com/railmapgen/rmp-gallery/pull/3537"
"3447","Resources: Update work of wuhan","Update","wuhan","rmt-svc","2026/5/22 12:55:42","2026-05-22 12:55:42","2026-05-18","False","关闭/未合入","https://github.com/railmapgen/rmp-gallery/pull/3447"
"3550","Resources: Update work of wuhan","Update","wuhan","rmt-svc","2026/5/22 12:59:21","2026-05-22 12:59:21","2026-05-18","True","已合入","https://github.com/railmapgen/rmp-gallery/pull/3550"
"3503","Resources: Update work of wuhan","Update","wuhan","rmt-svc","2026/5/22 12:59:38","2026-05-22 12:59:38","2026-05-18","False","关闭/未合入","https://github.com/railmapgen/rmp-gallery/pull/3503"
"3549","Resources: Update work of chongqing","Update","chongqing","rmt-svc","2026/5/22 13:02:46","2026-05-22 13:02:46","2026-05-18","False","关闭/未合入","https://github.com/railmapgen/rmp-gallery/pull/3549"
"3551","Resources: Update work of wuhan","Update","wuhan","rmt-svc","2026/5/22 14:08:42","2026-05-22 14:08:42","2026-05-18","False","关闭/未合入","https://github.com/railmapgen/rmp-gallery/pull/3551"
"3509","Resources: Update work of wuhan","Update","wuhan","rmt-svc","2026/5/22 14:09:02","2026-05-22 14:09:02","2026-05-18","False","关闭/未合入","https://github.com/railmapgen/rmp-gallery/pull/3509"
"3526","Resources: Update work of taipei","Update","taipei","rmt-svc","2026/5/23 4:48:26","2026-05-23 04:48:26","2026-05-18","False","关闭/未合入","https://github.com/railmapgen/rmp-gallery/pull/3526"
"3560","Resources: Update work of taipei","Update","taipei","rmt-svc","2026/5/23 6:22:25","2026-05-23 06:22:25","2026-05-18","True","已合入","https://github.com/railmapgen/rmp-gallery/pull/3560"
"3548","Resources: New work of delhi","New","delhi","rmt-svc","2026/5/23 6:23:11","2026-05-23 06:23:11","2026-05-18","False","关闭/未合入","https://github.com/railmapgen/rmp-gallery/pull/3548"
"3516","Resources: New work of Chicago","New","Chicago","rmt-svc","2026/5/23 6:34:02","2026-05-23 06:34:02","2026-05-18","False","关闭/未合入","https://github.com/railmapgen/rmp-gallery/pull/3516"
"3513","Resources: New work of dubai","New","dubai","rmt-svc","2026/5/23 6:38:49","2026-05-23 06:38:49","2026-05-18","False","关闭/未合入","https://github.com/railmapgen/rmp-gallery/pull/3513"
"3485","Resources: New work of vienna","New","vienna","rmt-svc","2026/5/23 6:52:20","2026-05-23 06:52:20","2026-05-18","False","关闭/未合入","https://github.com/railmapgen/rmp-gallery/pull/3485"
"3478","Resources: Update work of kaohsiung","Update","kaohsiung","rmt-svc","2026/5/23 13:24:02","2026-05-23 13:24:02","2026-05-18","False","关闭/未合入","https://github.com/railmapgen/rmp-gallery/pull/3478"
"3466","Resources: New work of madrid","New","madrid","rmt-svc","2026/5/23 13:46:51","2026-05-23 13:46:51","2026-05-18","False","关闭/未合入","https://github.com/railmapgen/rmp-gallery/pull/3466"
"3468","Resources: New work of madrid","New","madrid","rmt-svc","2026/5/23 13:47:35","2026-05-23 13:47:35","2026-05-18","False","关闭/未合入","https://github.com/railmapgen/rmp-gallery/pull/3468"
"3564","Resources: New work of Mexico City","New","Mexico City","rmt-svc","2026/5/23 14:06:56","2026-05-23 14:06:56","2026-05-18","True","已合入","https://github.com/railmapgen/rmp-gallery/pull/3564"
"3563","Resources: New work of Barcelona","New","Barcelona","rmt-svc","2026/5/24 6:07:03","2026-05-24 06:07:03","2026-05-18","False","关闭/未合入","https://github.com/railmapgen/rmp-gallery/pull/3563"
"3436","Resources: Update work of fuzhou","Update","fuzhou","rmt-svc","2026/5/24 6:24:26","2026-05-24 06:24:26","2026-05-18","False","关闭/未合入","https://github.com/railmapgen/rmp-gallery/pull/3436"
"3568","Resources: Update work of fuzhou","Update","fuzhou","rmt-svc","2026/5/24 6:30:59","2026-05-24 06:30:59","2026-05-18","True","已合入","https://github.com/railmapgen/rmp-gallery/pull/3568"
"3434","Resources: Update work of pyongyang","Update","pyongyang","rmt-svc","2026/5/24 6:31:17","2026-05-24 06:31:17","2026-05-18","False","关闭/未合入","https://github.com/railmapgen/rmp-gallery/pull/3434"
"3569","Resources: Update work of pyongyang","Update","pyongyang","rmt-svc","2026/5/24 6:38:30","2026-05-24 06:38:30","2026-05-18","True","已合入","https://github.com/railmapgen/rmp-gallery/pull/3569"
"3422","Resources: Update work of hohhot","Update","hohhot","rmt-svc","2026/5/24 6:41:08","2026-05-24 06:41:08","2026-05-18","False","关闭/未合入","https://github.com/railmapgen/rmp-gallery/pull/3422"
"3269","Resources: Update work of xian","Update","xian","rmt-svc","2026/5/24 6:53:46","2026-05-24 06:53:46","2026-05-18","False","关闭/未合入","https://github.com/railmapgen/rmp-gallery/pull/3269"
"3570","Resources: Update work of hohhot","Update","hohhot","rmt-svc","2026/5/24 6:54:24","2026-05-24 06:54:24","2026-05-18","True","已合入","https://github.com/railmapgen/rmp-gallery/pull/3570"
"3374","Resources: Update work of xian","Update","xian","rmt-svc","2026/5/24 6:54:34","2026-05-24 06:54:34","2026-05-18","True","已合入","https://github.com/railmapgen/rmp-gallery/pull/3374"
"3439","Resources: Update work of xian","Update","xian","rmt-svc","2026/5/24 6:57:32","2026-05-24 06:57:32","2026-05-18","False","关闭/未合入","https://github.com/railmapgen/rmp-gallery/pull/3439"
"3571","Resources: Update work of xian","Update","xian","rmt-svc","2026/5/24 7:11:58","2026-05-24 07:11:58","2026-05-18","False","关闭/未合入","https://github.com/railmapgen/rmp-gallery/pull/3571"
"3404","Resources: New work of lisbon","New","lisbon","rmt-svc","2026/5/24 7:24:25","2026-05-24 07:24:25","2026-05-18","False","关闭/未合入","https://github.com/railmapgen/rmp-gallery/pull/3404"
"3456","Resources: New work of lisbon","New","lisbon","rmt-svc","2026/5/24 7:29:51","2026-05-24 07:29:51","2026-05-18","False","关闭/未合入","https://github.com/railmapgen/rmp-gallery/pull/3456"
"3333","Resources: Update work of jinan","Update","jinan","rmt-svc","2026/5/24 7:50:46","2026-05-24 07:50:46","2026-05-18","False","关闭/未合入","https://github.com/railmapgen/rmp-gallery/pull/3333"
"3335","Resources: Update work of jinan","Update","jinan","rmt-svc","2026/5/24 7:59:05","2026-05-24 07:59:05","2026-05-18","True","已合入","https://github.com/railmapgen/rmp-gallery/pull/3335"
"3341","Resources: Update work of jinan","Update","jinan","rmt-svc","2026/5/24 7:59:24","2026-05-24 07:59:24","2026-05-18","False","关闭/未合入","https://github.com/railmapgen/rmp-gallery/pull/3341"
"3574","Resources: Update work of jinan","Update","jinan","rmt-svc","2026/5/24 8:06:13","2026-05-24 08:06:13","2026-05-18","False","关闭/未合入","https://github.com/railmapgen/rmp-gallery/pull/3574"
"3377","Resources: Update work of jinan","Update","jinan","rmt-svc","2026/5/24 8:11:01","2026-05-24 08:11:01","2026-05-18","False","关闭/未合入","https://github.com/railmapgen/rmp-gallery/pull/3377"
"3381","Resources: Update work of jinan","Update","jinan","rmt-svc","2026/5/24 8:12:28","2026-05-24 08:12:28","2026-05-18","False","关闭/未合入","https://github.com/railmapgen/rmp-gallery/pull/3381"
"3384","Resources: Update work of jinan","Update","jinan","rmt-svc","2026/5/24 8:14:07","2026-05-24 08:14:07","2026-05-18","False","关闭/未合入","https://github.com/railmapgen/rmp-gallery/pull/3384"
"3400","Resources: Update work of jinan","Update","jinan","rmt-svc","2026/5/24 8:15:32","2026-05-24 08:15:32","2026-05-18","False","关闭/未合入","https://github.com/railmapgen/rmp-gallery/pull/3400"
"3042","Resources: Update work of changchun","Update","changchun","rmt-svc","2026/5/24 12:58:06","2026-05-24 12:58:06","2026-05-18","True","已合入","https://github.com/railmapgen/rmp-gallery/pull/3042"
"3378","Resources: Update work of changchun","Update","changchun","rmt-svc","2026/5/24 12:58:18","2026-05-24 12:58:18","2026-05-18","False","关闭/未合入","https://github.com/railmapgen/rmp-gallery/pull/3378"
"3361","Resources: Update work of sydney","Update","sydney","rmt-svc","2026/5/24 13:45:14","2026-05-24 13:45:14","2026-05-18","False","关闭/未合入","https://github.com/railmapgen/rmp-gallery/pull/3361"
"3372","Resources: Update work of sydney (ferry service)","Update","sydney (ferry service)","rmt-svc","2026/5/24 13:51:09","2026-05-24 13:51:09","2026-05-18","False","关闭/未合入","https://github.com/railmapgen/rmp-gallery/pull/3372"
"3206","Resources: New work of adelaide","New","adelaide","rmt-svc","2026/5/24 13:58:35","2026-05-24 13:58:35","2026-05-18","False","关闭/未合入","https://github.com/railmapgen/rmp-gallery/pull/3206"
"3260","Resources: Update work of tianjin","Update","tianjin","rmt-svc","2026/5/24 14:16:32","2026-05-24 14:16:32","2026-05-18","False","关闭/未合入","https://github.com/railmapgen/rmp-gallery/pull/3260"
"3376","Resources: New work of Bangkok","New","Bangkok","rmt-svc","2026/5/26 12:14:39","2026-05-26 12:14:39","2026-05-25","False","关闭/未合入","https://github.com/railmapgen/rmp-gallery/pull/3376"
"3575","Resources: Update work of changchun","Update","changchun","rmt-svc","2026/5/26 12:14:46","2026-05-26 12:14:46","2026-05-25","True","已合入","https://github.com/railmapgen/rmp-gallery/pull/3575"
"3370","Resources: Update work of dongguan","Update","dongguan","rmt-svc","2026/5/26 12:26:41","2026-05-26 12:26:41","2026-05-25","False","关闭/未合入","https://github.com/railmapgen/rmp-gallery/pull/3370"
"2841","Resources: Update work of wuhu","Update","wuhu","rmt-svc","2026/5/28 11:49:09","2026-05-28 11:49:09","2026-05-25","True","已合入","https://github.com/railmapgen/rmp-gallery/pull/2841"
"3584","Resources: Update work of kaohsiung","Update","kaohsiung","rmt-svc","2026/5/29 12:40:22","2026-05-29 12:40:22","2026-05-25","False","关闭/未合入","https://github.com/railmapgen/rmp-gallery/pull/3584"
"3580","Resources: Update work of dongguan","Update","dongguan","rmt-svc","2026/5/29 13:04:33","2026-05-29 13:04:33","2026-05-25","True","已合入","https://github.com/railmapgen/rmp-gallery/pull/3580"
"3562","Resources: Update work of hangzhou","Update","hangzhou","rmt-svc","2026/5/29 13:16:34","2026-05-29 13:16:34","2026-05-25","False","关闭/未合入","https://github.com/railmapgen/rmp-gallery/pull/3562"
"3408","Resources: New work of bucharest","New","bucharest","rmt-svc","2026/5/29 13:27:28","2026-05-29 13:27:28","2026-05-25","False","关闭/未合入","https://github.com/railmapgen/rmp-gallery/pull/3408"
"2995","Resources: New work of daejeon","New","daejeon","rmt-svc","2026/5/29 13:35:23","2026-05-29 13:35:23","2026-05-25","False","关闭/未合入","https://github.com/railmapgen/rmp-gallery/pull/2995"
"2877","Resources: New work of huaian","New","huaian","rmt-svc","2026/5/29 14:02:52","2026-05-29 14:02:52","2026-05-25","True","已合入","https://github.com/railmapgen/rmp-gallery/pull/2877"
"3275","Resources: Update work of mlaga","Update","mlaga","rmt-svc","2026/5/29 14:10:56","2026-05-29 14:10:56","2026-05-25","True","已合入","https://github.com/railmapgen/rmp-gallery/pull/3275"
"2279","Resources: New work of hochiminhcity","New","hochiminhcity","rmt-svc","2026/5/29 14:11:35","2026-05-29 14:11:35","2026-05-25","False","关闭/未合入","https://github.com/railmapgen/rmp-gallery/pull/2279"
"1827","Resources: New work of San Francisco","New","San Francisco","rmt-svc","2026/5/29 14:16:55","2026-05-29 14:16:55","2026-05-25","False","关闭/未合入","https://github.com/railmapgen/rmp-gallery/pull/1827"
"3590","Resources: Update work of kaohsiung","Update","kaohsiung","rmt-svc","2026/5/30 13:54:59","2026-05-30 13:54:59","2026-05-25","False","关闭/未合入","https://github.com/railmapgen/rmp-gallery/pull/3590"
"3586","Resources: Update work of hangzhou","Update","hangzhou","rmt-svc","2026/5/30 14:13:44","2026-05-30 14:13:44","2026-05-25","False","关闭/未合入","https://github.com/railmapgen/rmp-gallery/pull/3586"
"3594","Resources: Update work of hangzhou","Update","hangzhou","rmt-svc","2026/5/30 14:14:21","2026-05-30 14:14:21","2026-05-25","False","关闭/未合入","https://github.com/railmapgen/rmp-gallery/pull/3594"
"3588","Resources: Update work of suzhou","Update","suzhou","rmt-svc","2026/5/31 6:36:52","2026-05-31 06:36:52","2026-05-25","False","关闭/未合入","https://github.com/railmapgen/rmp-gallery/pull/3588"
"3596","Resources: Update work of suzhou","Update","suzhou","rmt-svc","2026/5/31 6:43:22","2026-05-31 06:43:22","2026-05-25","False","关闭/未合入","https://github.com/railmapgen/rmp-gallery/pull/3596"
"3598","Resources: Update work of kaohsiung","Update","kaohsiung","rmt-svc","2026/5/31 6:52:40","2026-05-31 06:52:40","2026-05-25","False","关闭/未合入","https://github.com/railmapgen/rmp-gallery/pull/3598"
"2818","Resources: Update work of paris","Update","paris","rmt-svc","2026/5/31 7:13:33","2026-05-31 07:13:33","2026-05-25","False","关闭/未合入","https://github.com/railmapgen/rmp-gallery/pull/2818"
"3582","Resources: Update work of paris","Update","paris","rmt-svc","2026/5/31 7:17:18","2026-05-31 07:17:18","2026-05-25","False","关闭/未合入","https://github.com/railmapgen/rmp-gallery/pull/3582"
"3578","Resources: New work of delhi","New","delhi","rmt-svc","2026/5/31 7:33:24","2026-05-31 07:33:24","2026-05-25","False","关闭/未合入","https://github.com/railmapgen/rmp-gallery/pull/3578"
"3554","Resources: Update work of chongqing","Update","chongqing","rmt-svc","2026/5/31 7:53:25","2026-05-31 07:53:25","2026-05-25","False","关闭/未合入","https://github.com/railmapgen/rmp-gallery/pull/3554"
"3555","Resources: Update work of chongqing","Update","chongqing","rmt-svc","2026/5/31 7:54:17","2026-05-31 07:54:17","2026-05-25","False","关闭/未合入","https://github.com/railmapgen/rmp-gallery/pull/3555"
"2839","Resources: Update work of shenzhen","Update","shenzhen","rmt-svc","2026/5/31 11:23:54","2026-05-31 11:23:54","2026-05-25","False","关闭/未合入","https://github.com/railmapgen/rmp-gallery/pull/2839"
"3051","Resources: Update work of shenzhen","Update","shenzhen","rmt-svc","2026/5/31 11:54:18","2026-05-31 11:54:18","2026-05-25","True","已合入","https://github.com/railmapgen/rmp-gallery/pull/3051"
"3592","Resources: Update work of shenzhen","Update","shenzhen","rmt-svc","2026/5/31 11:57:08","2026-05-31 11:57:08","2026-05-25","False","关闭/未合入","https://github.com/railmapgen/rmp-gallery/pull/3592"
"3601","Resources: Update work of shenzhen","Update","shenzhen","rmt-svc","2026/5/31 12:12:40","2026-05-31 12:12:40","2026-05-25","False","关闭/未合入","https://github.com/railmapgen/rmp-gallery/pull/3601"
"3600","Resources: Update work of hangzhou","Update","hangzhou","rmt-svc","2026/5/31 12:21:47","2026-05-31 12:21:47","2026-05-25","False","关闭/未合入","https://github.com/railmapgen/rmp-gallery/pull/3600"
"3267","Resources: New work of shaoxing","New","shaoxing","rmt-svc","2026/5/31 12:31:04","2026-05-31 12:31:04","2026-05-25","False","关闭/未合入","https://github.com/railmapgen/rmp-gallery/pull/3267"
"3175","Resources: Update work of lyon","Update","lyon","rmt-svc","2026/5/31 12:47:10","2026-05-31 12:47:10","2026-05-25","False","关闭/未合入","https://github.com/railmapgen/rmp-gallery/pull/3175"
"3283","Resources: New work of New York City","New","New York City","rmt-svc","2026/5/31 13:01:27","2026-05-31 13:01:27","2026-05-25","True","已合入","https://github.com/railmapgen/rmp-gallery/pull/3283"
"3305","Resources: Update work of jinhuayiwuanddongyang","Update","jinhuayiwuanddongyang","rmt-svc","2026/6/1 11:30:06","2026-06-01 11:30:06","2026-06-01","False","关闭/未合入","https://github.com/railmapgen/rmp-gallery/pull/3305"
"3307","Resources: Update work of jinhuayiwuanddongyang","Update","jinhuayiwuanddongyang","rmt-svc","2026/6/1 11:59:18","2026-06-01 11:59:18","2026-06-01","False","关闭/未合入","https://github.com/railmapgen/rmp-gallery/pull/3307"
"3602","Resources: Update work of jinhuayiwuanddongyang","Update","jinhuayiwuanddongyang","rmt-svc","2026/6/1 12:03:43","2026-06-01 12:03:43","2026-06-01","True","已合入","https://github.com/railmapgen/rmp-gallery/pull/3602"
"3521","Resources: Update work of jinhuayiwuanddongyang","Update","jinhuayiwuanddongyang","rmt-svc","2026/6/1 12:05:18","2026-06-01 12:05:18","2026-06-01","False","关闭/未合入","https://github.com/railmapgen/rmp-gallery/pull/3521"
"3603","Resources: Update work of jinhuayiwuanddongyang","Update","jinhuayiwuanddongyang","rmt-svc","2026/6/1 12:15:09","2026-06-01 12:15:09","2026-06-01","False","关闭/未合入","https://github.com/railmapgen/rmp-gallery/pull/3603"
"3558","Resources: Update work of jinhuayiwuanddongyang","Update","jinhuayiwuanddongyang","rmt-svc","2026/6/1 12:16:37","2026-06-01 12:16:37","2026-06-01","False","关闭/未合入","https://github.com/railmapgen/rmp-gallery/pull/3558"
"3604","Resources: Update work of jinhuayiwuanddongyang","Update","jinhuayiwuanddongyang","rmt-svc","2026/6/1 12:22:40","2026-06-01 12:22:40","2026-06-01","True","已合入","https://github.com/railmapgen/rmp-gallery/pull/3604"
"3474","Resources: New work of algiers","New","algiers","rmt-svc","2026/6/2 12:43:27","2026-06-02 12:43:27","2026-06-01","False","关闭/未合入","https://github.com/railmapgen/rmp-gallery/pull/3474"
"3606","Resources: Update work of kaohsiung","Update","kaohsiung","rmt-svc","2026/6/2 12:52:58","2026-06-02 12:52:58","2026-06-01","True","已合入","https://github.com/railmapgen/rmp-gallery/pull/3606"
"3608","Resources: Update work of suzhou","Update","suzhou","rmt-svc","2026/6/2 13:10:51","2026-06-02 13:10:51","2026-06-01","True","已合入","https://github.com/railmapgen/rmp-gallery/pull/3608"
"3487","Resources: Update work of nanjing","Update","nanjing","rmt-svc","2026/6/3 7:35:25","2026-06-03 07:35:25","2026-06-01","False","关闭/未合入","https://github.com/railmapgen/rmp-gallery/pull/3487"
"3612","Resources: Update work of shenzhen","Update","shenzhen","rmt-svc","2026/6/5 12:04:25","2026-06-05 12:04:25","2026-06-01","True","已合入","https://github.com/railmapgen/rmp-gallery/pull/3612"
"3614","Resources: New work of dubai","New","dubai","rmt-svc","2026/6/5 13:22:13","2026-06-05 13:22:13","2026-06-01","False","关闭/未合入","https://github.com/railmapgen/rmp-gallery/pull/3614"
"3610","Resources: Update work of hangzhou","Update","hangzhou","rmt-svc","2026/6/5 13:56:58","2026-06-05 13:56:58","2026-06-01","False","关闭/未合入","https://github.com/railmapgen/rmp-gallery/pull/3610"
"3615","Resources: Update work of guangzhou","Update","guangzhou","rmt-svc","2026/6/6 11:03:05","2026-06-06 11:03:05","2026-06-01","False","关闭/未合入","https://github.com/railmapgen/rmp-gallery/pull/3615"
"3616","Resources: Update work of guangzhou","Update","guangzhou","thekingofcity","2026/6/6 11:11:08","2026-06-06 11:11:08","2026-06-01","True","已合入","https://github.com/railmapgen/rmp-gallery/pull/3616"
"3523","Resources: Update work of guangzhou","Update","guangzhou","rmt-svc","2026/6/6 11:12:25","2026-06-06 11:12:25","2026-06-01","False","关闭/未合入","https://github.com/railmapgen/rmp-gallery/pull/3523"
"3617","Resources: Update work of guangzhou","Update","guangzhou","rmt-svc","2026/6/6 11:19:48","2026-06-06 11:19:48","2026-06-01","True","已合入","https://github.com/railmapgen/rmp-gallery/pull/3617"
"3535","Resources: Update work of guangzhou","Update","guangzhou","rmt-svc","2026/6/6 11:22:52","2026-06-06 11:22:52","2026-06-01","False","关闭/未合入","https://github.com/railmapgen/rmp-gallery/pull/3535"
"3618","Resources: Update work of guangzhou","Update","guangzhou","rmt-svc","2026/6/6 11:32:43","2026-06-06 11:32:43","2026-06-01","True","已合入","https://github.com/railmapgen/rmp-gallery/pull/3618"
"3507","Resources: New work of metroningmalines2","New","metroningmalines2","rmt-svc","2026/6/6 12:03:40","2026-06-06 12:03:40","2026-06-01","False","关闭/未合入","https://github.com/railmapgen/rmp-gallery/pull/3507"
"3173","Resources: Update work of guangdongintercity","Update","guangdongintercity","rmt-svc","2026/6/6 12:22:03","2026-06-06 12:22:03","2026-06-01","False","关闭/未合入","https://github.com/railmapgen/rmp-gallery/pull/3173"
"3331","Resources: Update work of guangdongintercity","Update","guangdongintercity","rmt-svc","2026/6/6 12:22:28","2026-06-06 12:22:28","2026-06-01","True","已合入","https://github.com/railmapgen/rmp-gallery/pull/3331"
"3365","Resources: Update work of guangdongintercity","Update","guangdongintercity","rmt-svc","2026/6/6 12:22:34","2026-06-06 12:22:34","2026-06-01","False","关闭/未合入","https://github.com/railmapgen/rmp-gallery/pull/3365"
"3626","Resources: Update work of paris","Update","paris","rmt-svc","2026/6/7 11:55:06","2026-06-07 11:55:06","2026-06-01","False","关闭/未合入","https://github.com/railmapgen/rmp-gallery/pull/3626"
